"claim_id","status","statement","source_fact_ids","evidence_refs","metrics","allowed_channels","required_qualifiers","public_safe","review_status"
"P3-C001","VERIFIED_IMPLEMENTATION","使用 C++17 实现 Modbus RTU 软件网关核心，覆盖 0x03/0x04/0x06、CRC16、流式解析、多从站轮询和数据质量状态。","P3-F001;P3-F002;P3-F003;P3-F004","docs/protocol_subset.md;config/examples/register_map.yaml;src/protocol/;src/scheduler/","3 个从站;16 个点位","resume;interview;public_project;private_notes","软件实现;Modbus RTU 子集","true","USER_APPROVED"
"P3-C002","VERIFIED_IMPLEMENTATION","基于 Eclipse Paho 集成 MQTT 3.1.1 QoS 1 异步上行，设计有界缓存、按 topic 合并、重连退避和可观测指标。","P3-F005;P3-F006;P3-F013","docs/mqtt_contract.md;src/mqtt/;THIRD_PARTY_NOTICES.md","QoS 1;MQTT drain 上限 2000 ms","resume;interview;public_project;private_notes","基于 Eclipse Paho;MQTT 上行","true","USER_APPROVED"
"P3-C003","VERIFIED_RESULT","构建 PTY 与本地 Mosquitto 软件故障矩阵，正式 G3 的 15/15 场景通过。","P3-F007","docs/p3_s4_t03_validation.md;run:20260809T155317Z_g3_b293e40_001","15/15 场景 PASS;failures=[]","resume;interview;public_project;private_notes","PTY 软件仿真;本地 Mosquitto","true","USER_APPROVED"
"P3-C004","VERIFIED_RESULT","在 Linux x86_64 PTY/本地 Mosquitto 环境完成 8 小时正式长稳，224/224 个强制 oracle 通过。","P3-F008","docs/p3_s7_t04_validation.md;run:20260813T213614Z_soak_release_dd671cf_001","28800.046 秒;224/224 enforced oracles PASS","resume;interview;public_project;private_notes","Linux x86_64;PTY 软件仿真;本地 Mosquitto;单次正式运行","true","USER_APPROVED"
"P3-C005","VERIFIED_RESULT","在 VMware Ubuntu Server 24.04 x86_64 原生 systemd 环境完成服务生命周期十场景 10/10 验收。","P3-F009","docs/p3_s7_t04_validation.md;run:20260814T111107Z_systemd_d2bcfde9_001","10/10 场景 PASS","resume;interview;public_project;private_notes","VMware Ubuntu Server 24.04 x86_64;原生 systemd","true","USER_APPROVED"
"P3-C006","VERIFIED_RESULT","形成并复演 Linux x86_64 可复现 bundle：9 个安装文件、双目录规范化归档一致，清洁解包与卸载通过。","P3-F010;P3-F017","docs/p3_s7_t04_validation.md;run:20260814T112347Z_d2bcfde9_001","9 个安装文件;2 个独立目录归档一致","resume;interview;public_project;private_notes","Linux x86_64;bundle ready 但未公开发布","true","USER_APPROVED"
"P3-C007","VERIFIED_RESULT","在 Raspberry Pi 4B / Ubuntu Server 24.04 ARM64 完成原生构建和质量门，Release 完整 CTest 191/191 通过。","P3-F011","docs/p3_s7_arm64_t01_validation.md;docs/p3_s7_arm64_t01_build_matrix.json;run:20260814T171411Z_arm64_native_e62de0e_003","Release CTest 191/191 PASS;ASan/UBSan 191/191 PASS;TSan full 191/191 PASS","resume;interview;public_project;private_notes","Raspberry Pi 4B / Ubuntu Server 24.04 ARM64;原生构建与软件测试;不含真实 RS485/CAN","true","USER_APPROVED"
"P3-C008","VERIFIED_RESULT","在 Raspberry Pi 4B 的原生 PID 1/systemd 环境完成十场景 10/10 软件服务验收。","P3-F012;P3-F014","docs/P3-S7-ARM64-T02_validation.md;docs/P3-S7-ARM64-T02_systemd_matrix.json;run:20260814T181641Z_systemd_124724e0_001","10/10 场景 PASS;failures=[]","resume;interview;public_project;private_notes","Raspberry Pi 4B ARM64;软件 systemd 验收;不含真实 RS485/CAN","true","USER_APPROVED"
"P3-C009","VERIFIED_IMPLEMENTATION","明确区分个人实现的网关业务逻辑与 Paho、Mosquitto、yaml-cpp、nlohmann/json、GoogleTest、PTY/termios、systemd 等第三方或平台能力。","P3-F013","LICENSE;THIRD_PARTY_NOTICES.md","","interview;public_project;private_notes","集成或基于第三方能力","true","USER_APPROVED"
"P3-C010","REJECTED_CLAIM","项目已经通过真实 USB-RS485、商用 Modbus 传感器、STM32 和 CAN 台架验证。","P3-F014;P3-F021;P3-F022;P3-F023;P3-F024","docs/p3_s7_g6_t01_validation.md;docs/p3_s7_g6_t02_validation.md;docs/p3_s7_g6_t03_validation.md;docs/p3_s7_g6_t04_validation.md","RS485/商用从站/STM32 已补充验证;CAN 不在项目三 G6 范围","","","false","REJECTED_BY_EVIDENCE"
"P3-C011","REJECTED_CLAIM","项目已经达到工业级、生产可用或现场高可靠。","P3-F008;P3-F024","docs/p3_s7_t04_validation.md;docs/p3_s7_g6_t04_validation.md","","","","false","REJECTED_BY_EVIDENCE"
"P3-C012","REJECTED_CLAIM","ARM64 已完成 8 小时长稳和 Release bundle，可作为正式 ARM64 发布。","P3-F018;P3-F019;P3-F017","docs/p3_s7_t06_validation.md","arm64_long_soak_validated=true;arm64_release_bundle_ready=true;published=false","","","false","REJECTED_BY_EVIDENCE"
"P3-C013","REJECTED_CLAIM","项目已创建版本 tag 并发布 GitHub Release。","P3-F017","docs/p3_s7_t04_validation.md","","","","false","REJECTED_BY_EVIDENCE"
"P3-C014","VERIFIED_IMPLEMENTATION","为故障矩阵、长稳、systemd 生命周期和可复现打包建立结构化证据链，使测试结论可由场景、summary、failure 与哈希追踪。","P3-F007;P3-F008;P3-F009;P3-F010;P3-F012","tools/fault/;tools/soak/;tools/release/;docs/p3_s7_t04_validation.md;docs/P3-S7-ARM64-T02_validation.md","G3 15 场景;G4 224 个强制 oracle;x86_64 G5 10 场景;ARM64 systemd 10 场景","resume;interview;public_project;private_notes","软件证据链","true","USER_APPROVED"
"P3-C015","VERIFIED_RESULT","在 Raspberry Pi 4B / Ubuntu Server 24.04 ARM64 完成 8 小时软件长稳及受控 systemd 重启自启演练。","P3-F018;P3-F014","docs/p3_s7_t06_validation.md","28800.677 秒;230/230 enforced oracles PASS;重启后观察 637.417 秒","resume;interview;public_project;private_notes","Raspberry Pi 4B ARM64;PTY/本地 Mosquitto 软件验收;不含真实 RS485/CAN","true","USER_APPROVED"
"P3-C016","VERIFIED_RESULT","为同一候选提交形成 Linux x86_64 与 Linux ARM64 的 v0.1.0 本地双架构软件 Release 集。","P3-F019;P3-F020;P3-F017;P3-F014","docs/p3_s7_t06_validation.md","2 个原生 final bundle;每包 9 个正式文件;精确 5 文件 Release 集","resume;interview;public_project;private_notes","本地软件 Release;未公开发布;不含真实 RS485/CAN","true","USER_APPROVED"
"P3-C017","VERIFIED_RESULT","在 Raspberry Pi 4B 的桌面短线台架上完成两只 TAS-WS-R00020 与 STM32 的三从站 Modbus RTU 采集及本地 MQTT 上行集成。","P3-F021;P3-F022","docs/p3_s7_g6_t01_validation.md;docs/p3_s7_g6_t02_validation.md","地址 1/2/4;点位覆盖 2/2/17;正常基线逻辑成功率 1.000/1.000/1.000","resume;interview;public_project;private_notes","Raspberry Pi 4B;桌面短线 RS485;本地 Mosquitto;不含 CAN","true","USER_APPROVED"
"P3-C018","VERIFIED_RESULT","为真实三从站台架建立故障隔离与 systemd 恢复验收，TAS 支路、STM32 RESET、broker、USB-RS485、SIGTERM 和 reboot 共 17/17 场景通过。","P3-F022;P3-F023","docs/p3_s7_g6_t02_validation.md;docs/p3_s7_g6_t03_validation.md;run:20260822T214326Z_g6_t03_e873b5e_001","17/17 场景 PASS;failures=[];579 项 SHA-256 有效;NRestarts=0","resume;interview;public_project;private_notes","当前真实三从站桌面台架;受控故障;不含破坏性电气测试;不含 CAN","true","USER_APPROVED"
"P3-C019","VERIFIED_RESULT","在 Raspberry Pi 4B 真实三从站台架完成 3600 秒预跑和 28800 秒正式硬件长稳，三个从站正常窗口逻辑请求成功率均为 1.000。","P3-F024","docs/p3_s7_g6_t04_validation.md;run:20260823T043408Z_g6_t04_release_c5ddc36_001","28802.252 秒;成功率 1.000/1.000/1.000;最大成功间隔 4.886/4.895/2.997 秒;MQTT publish failure=0;shutdown=194 ms","resume;interview;public_project;private_notes","Raspberry Pi 4B;单次 8 小时正式运行;当前桌面短线三从站拓扑;不含 CAN","true","USER_APPROVED"
"P3-C020","VERIFIED_RESULT","项目已在完成本地双架构软件 Release 和发布后真实三从站 G6 验收后冻结，转入维护状态。","P3-F020;P3-F025;P3-F026","docs/p3_s7_t06_validation.md;docs/releases/v0.1.0_hardware_validation_supplement/;docs/project_freeze.md","PROJECT_FROZEN;MAINTENANCE_ONLY;POST_RELEASE_G6_HARDWARE_SUPPLEMENT=PASS","interview;public_project;private_notes","本地双架构软件 Release;发布后桌面短线真实硬件补充验证;未公开发布;不含 CAN","true","USER_APPROVED"
